3,123-456-7890,1659604560,1659604600,inbound,1
2,345-678-9012,1659604720,1659604800,inbound,1
8,123-456-7890,1659605000,1659605100,outbound,1
9,123-456-7890,1659605900,1659606100,outbound,1
4,234-567-8901,1659604670,1659604700,outbound,2
7,456-789-0123,1659604870,1659604900,outbound,2
6,567-890-1234,1659605490,1659605500,outbound,2
11,234-567-8901,1659605670,1659605700,outbound,2
10,234-567-8901,1659606100,1659606200,inbound,2
14,345-678-9012,1659605230,1659605300,outbound,3
5,456-789-0123,1659605340,1659605400,inbound,4
15,456-789-0123,1659605850,1659605900,outbound,4
16,567-890-1234,1659605900,1659606000,inbound,5
12,345-678-9012,1659606200,1659606300,outbound,5
13,567-890-1234,1659606400,1659606500,outbound,5
1,phoneNumber,startTime,endTime,direction,userId
